Smoking,Heart Disease Rate (%)
No,20.011321822813475
Yes,20.606385833109737
