Gender,Heart Disease Rate (%)
Female,20.595602560534374
Male,20.043632397054814
